,loss,accuracy,val_loss,val_accuracy,lr
0,1.7028110027313232,0.390873521566391,1.3749850988388062,0.4936131238937378,0.001
1,1.3823238611221313,0.51747065782547,1.317262053489685,0.5389294624328613,0.0009956957
2,1.301494836807251,0.5547587871551514,1.217093825340271,0.5729926824569702,0.0009913914
3,1.2384417057037354,0.5774446129798889,1.2065531015396118,0.5739051103591919,0.000987087
4,1.2069807052612305,0.5895697474479675,1.1645838022232056,0.6180048584938049,0.0009827827
5,1.176220178604126,0.6061277985572815,1.1245181560516357,0.6307786107063293,0.0009784783
6,1.1318879127502441,0.622164249420166,1.0658622980117798,0.635948896408081,0.00097417407
7,1.0977798700332642,0.6342894434928894,1.0632047653198242,0.6478102207183838,0.00096986967
8,1.0515217781066895,0.6571056246757507,1.0149731636047363,0.6669707894325256,0.0009655653
9,1.0353879928588867,0.6661016941070557,0.9839296936988831,0.6763990521430969,0.000961261
10,0.9890515208244324,0.6857888102531433,0.9799395799636841,0.6751824617385864,0.00095695665
11,0.9870802760124207,0.6887874603271484,0.974733293056488,0.6800486445426941,0.00095265225
12,0.9585129618644714,0.6962190270423889,0.9084516167640686,0.7235401272773743,0.0009483479
13,0.9403905272483826,0.6980443000793457,0.8762038350105286,0.7247567176818848,0.0009440436
14,0.9324362874031067,0.7023468017578125,0.9331886768341064,0.6870437860488892,0.0009397392
15,0.9087625741958618,0.7178617715835571,0.8668463230133057,0.72049880027771,0.0009354349
16,0.8986114263534546,0.7105606198310852,0.8727318048477173,0.720802903175354,0.0009311305
17,0.893499493598938,0.7177314162254333,0.9096103310585022,0.720802903175354,0.0009268262
18,0.8884070515632629,0.7160364985466003,0.9269260764122009,0.7147201895713806,0.0009225218
19,0.9207256436347961,0.7089961171150208,0.8748306035995483,0.7235401272773743,0.00091821747
20,0.8740983605384827,0.7166883945465088,0.8329911828041077,0.72049880027771,0.0009139132
21,0.8719215393066406,0.7230769395828247,0.827260434627533,0.7338807582855225,0.0009096088
22,0.8330078721046448,0.7294654250144958,0.8164802193641663,0.7557786107063293,0.00090530445
23,0.8510379195213318,0.7192959785461426,0.8130311965942383,0.7387469410896301,0.00090100005
24,0.8262394666671753,0.7314211130142212,0.9130398035049438,0.7195863723754883,0.00089669577
25,0.8329447507858276,0.728943943977356,0.8055379986763,0.7341849207878113,0.0008923914
26,0.8007720708847046,0.7406779527664185,0.7783939242362976,0.7496958374977112,0.00088808703
27,0.7968522310256958,0.7430247664451599,0.7684222459793091,0.7512165307998657,0.00088378275
28,0.7917019724845886,0.7435463070869446,0.7834659218788147,0.7402676343917847,0.00087947835
29,0.7940382361412048,0.744198203086853,0.7956449389457703,0.7290145754814148,0.000875174
30,0.8049663305282593,0.7470664978027344,0.772639811038971,0.7612530589103699,0.00087086967
31,0.7809426784515381,0.7449804544448853,0.8288335204124451,0.7506082653999329,0.00086656533
32,0.7781781554222107,0.7482398748397827,0.7618036866188049,0.7761557102203369,0.000862261
33,0.7807420492172241,0.7481095194816589,0.7629940509796143,0.7493917346000671,0.0008579566
34,0.7839851975440979,0.7505866885185242,0.7736307978630066,0.7466545104980469,0.00085365225
35,0.7578281760215759,0.7539765238761902,0.7553215026855469,0.7661192417144775,0.00084934797
36,0.7842779755592346,0.7457627058029175,0.8680635094642639,0.7268856167793274,0.00084504357
37,0.7735176682472229,0.7518904805183411,0.795859694480896,0.7442213892936707,0.0008407392
38,0.7594541907310486,0.7564536929130554,0.7332680225372314,0.7655109763145447,0.0008364349
39,0.7378854155540466,0.7619295716285706,0.8244445323944092,0.7299270033836365,0.00083213055
40,0.748897910118103,0.7619295716285706,0.7312595844268799,0.7691605687141418,0.00082782615
41,0.7352241277694702,0.7619295716285706,0.7474643588066101,0.760644793510437,0.0008235218
42,0.7491661906242371,0.7604954242706299,0.7699641585350037,0.7627737522125244,0.0008192175
43,0.7366986870765686,0.7636244893074036,0.7021458148956299,0.7855839133262634,0.00081491313
44,0.7161019444465637,0.7671447396278381,0.7979180812835693,0.7779805064201355,0.0008106088
45,0.7308737635612488,0.767666220664978,0.6870953440666199,0.783150851726532,0.00080630445
46,0.7253808379173279,0.7654498219490051,0.6996689438819885,0.7840632796287537,0.0008020001
47,0.7027336955070496,0.774054765701294,0.6890560984611511,0.7822384238243103,0.0007976957
48,0.7101666331291199,0.7724902033805847,0.7071245312690735,0.7773722410202026,0.0007933914
49,0.7025848627090454,0.7728813290596008,0.7109864950180054,0.7758516073226929,0.0007890871
50,0.7124128937721252,0.7730117440223694,0.727955162525177,0.7703770995140076,0.0007847827
51,0.6938604116439819,0.7750977873802185,0.7064578533172607,0.7846715450286865,0.00078047835
52,0.7021486163139343,0.7739244103431702,0.6857709884643555,0.7950121760368347,0.00077617395
53,0.6922028064727783,0.7761408090591431,0.6870089173316956,0.7895377278327942,0.0007718697
54,0.6985021829605103,0.7775749564170837,0.8523242473602295,0.687347948551178,0.00076756533
55,0.7089638113975525,0.7728813290596008,0.6912980079650879,0.7849756479263306,0.00076326093
56,0.6814971566200256,0.7846153974533081,0.7366054058074951,0.7843673825263977,0.00075895665
57,0.6981707215309143,0.7747066617012024,0.7084637880325317,0.7852798104286194,0.00075465225
58,0.6904883980751038,0.7813559174537659,0.6832647323608398,0.7813260555267334,0.0007503479
59,0.6679062247276306,0.7850065231323242,0.6761555075645447,0.7971411347389221,0.0007460436
60,0.6835924983024597,0.7818774580955505,0.6629967093467712,0.7956204414367676,0.00074173923
61,0.6848767995834351,0.7822685837745667,0.6762503981590271,0.7928832173347473,0.00073743484
62,0.6659640669822693,0.7861799001693726,0.7189687490463257,0.7828466892242432,0.0007331305
63,0.6684572100639343,0.7864406704902649,0.6575194597244263,0.7989659309387207,0.0007288262
64,0.6696208715438843,0.7833116054534912,0.7688839435577393,0.7451338171958923,0.0007245219
65,0.6685717701911926,0.782529354095459,0.6861754655838013,0.7892335653305054,0.0007202175
66,0.6642507910728455,0.7861799001693726,0.6745502948760986,0.7868005037307739,0.0007159131
67,0.6637619733810425,0.7880052328109741,0.706967294216156,0.7834550142288208,0.0007116088
68,0.6454637050628662,0.7924380898475647,0.6615599393844604,0.7956204414367676,0.00070730445
69,0.6569185256958008,0.79191654920578,0.6535317897796631,0.7898418307304382,0.00070300006
70,0.6560415029525757,0.7881355881690979,0.662386953830719,0.8026155829429626,0.0006986957
71,0.646903395652771,0.7913950681686401,0.6600056886672974,0.8001824617385864,0.0006943914
72,0.6427501440048218,0.7962190508842468,0.684823215007782,0.805656909942627,0.00069008704
73,0.6332930326461792,0.7962190508842468,0.6594939827919006,0.794099748134613,0.0006857827
74,0.6442933082580566,0.7924380898475647,0.6265671849250793,0.808698296546936,0.00068147836
75,0.6293988227844238,0.8029987215995789,0.6385471224784851,0.8156934380531311,0.00067717396
76,0.6323603987693787,0.7959582805633545,0.619530439376831,0.8077858686447144,0.0006728696
77,0.6259934306144714,0.7968709468841553,0.63287353515625,0.7974452376365662,0.0006685653
78,0.638892650604248,0.7998695969581604,0.7093130350112915,0.8077858686447144,0.000664261
79,0.655896008014679,0.7924380898475647,0.6300953030586243,0.8090024590492249,0.0006599566
80,0.621717095375061,0.8024771809577942,0.6376198530197144,0.8068735003471375,0.0006556522
81,0.6257818937301636,0.7954367399215698,0.6769487261772156,0.7904500961303711,0.0006513479
82,0.6137076020240784,0.8035202026367188,0.6174210906028748,0.8117396831512451,0.0006470436
83,0.6196839213371277,0.8048239946365356,0.6517018675804138,0.7956204414367676,0.00064273924
84,0.6116326451301575,0.8057366609573364,0.6100345253944397,0.8093065619468689,0.00063843484
85,0.6116324663162231,0.8066492676734924,0.6199182868003845,0.8080900311470032,0.0006341305
86,0.6150426268577576,0.805997371673584,0.6314711570739746,0.8050486445426941,0.00062982616
87,0.6249265074729919,0.8015645146369934,0.7000104188919067,0.8023114204406738,0.0006255218
88,0.6094301342964172,0.8023468255996704,0.6566358208656311,0.7983576655387878,0.0006212175
89,0.6033632159233093,0.8070403933525085,0.6292324662208557,0.7998783588409424,0.00061691314
90,0.6004918217658997,0.8063884973526001,0.6108260154724121,0.8135644793510437,0.00061260874
91,0.6020082831382751,0.8089960813522339,0.6012474298477173,0.8147810101509094,0.0006083044
92,0.6082747578620911,0.8058670163154602,0.6140607595443726,0.823296844959259,0.0006040001
93,0.5966007709503174,0.8086049556732178,0.6222922205924988,0.8296837210655212,0.0005996957
94,0.5979855060577393,0.8125162720680237,0.6166659593582153,0.8184306621551514,0.0005953914
95,0.5979430675506592,0.80938720703125,0.6483481526374817,0.8099148273468018,0.000591087
96,0.5835708379745483,0.8151238560676575,0.5948455929756165,0.8275547623634338,0.0005867827
97,0.5845233798027039,0.8166884183883667,0.6048867702484131,0.8178223967552185,0.00058247836
98,0.5925161838531494,0.8155149817466736,0.6265429854393005,0.8096107244491577,0.00057817396
99,0.5779542326927185,0.8183833360671997,0.588891863822937,0.8330292105674744,0.0005738696
100,0.5873153209686279,0.8129074573516846,0.6059325337409973,0.8372871279716492,0.0005695653
101,0.5794182419776917,0.8217731714248657,0.5892622470855713,0.8324209451675415,0.00056526094
102,0.5783501863479614,0.816166877746582,0.5984454154968262,0.8068735003471375,0.0005609566
103,0.5843398571014404,0.8149935007095337,0.60517817735672,0.8223844170570374,0.00055665226
104,0.5802242159843445,0.8132985830307007,0.5925795435905457,0.8388077616691589,0.00055234786
105,0.5806573033332825,0.8157757520675659,0.5825648307800293,0.8406326174736023,0.0005480435
106,0.5653504729270935,0.8203389644622803,0.5667293071746826,0.841849148273468,0.0005437392
107,0.5810604095458984,0.8169491291046143,0.584963858127594,0.834854006767273,0.0005394349
108,0.5800800919532776,0.8159061074256897,0.5827432870864868,0.8211678862571716,0.0005351305
109,0.5718445777893066,0.8189048171043396,0.5826572775840759,0.816301703453064,0.0005308261
110,0.5712003707885742,0.8213819861412048,0.5791863799095154,0.8284671306610107,0.0005265218
111,0.5537481904029846,0.8247718214988708,0.5780657529830933,0.8342457413673401,0.0005222175
112,0.5728689432144165,0.8138200640678406,0.632496178150177,0.8071776032447815,0.00051791314
113,0.5690359473228455,0.8187744617462158,0.5787109136581421,0.8427615761756897,0.00051360874
114,0.5630140900611877,0.8204693794250488,0.5898900032043457,0.8394160866737366,0.0005093044
115,0.557187557220459,0.8228161931037903,0.5665346384048462,0.8369829654693604,0.00050500006
116,0.5496691465377808,0.8235984444618225,0.619645893573761,0.8239051103591919,0.0005006957
117,0.5582934021949768,0.822555422782898,0.609449028968811,0.8217761516571045,0.0004963913
118,0.5564974546432495,0.8275097608566284,0.5980538129806519,0.816301703453064,0.00049208704
119,0.5451947450637817,0.828552782535553,0.550238311290741,0.8284671306610107,0.0004877826
120,0.5544280409812927,0.8252933621406555,0.5724465250968933,0.8406326174736023,0.0004834783
121,0.5442188382148743,0.8297262191772461,0.6038568615913391,0.7947080135345459,0.0004791739
122,0.5403315424919128,0.827640175819397,0.5583444833755493,0.8357664346694946,0.0004748696
123,0.5418429374694824,0.828552782535553,0.5697925686836243,0.8242092728614807,0.00047056525
124,0.544657826423645,0.8290743231773376,0.576665997505188,0.8138686418533325,0.00046626088
125,0.5413360595703125,0.8286831974983215,0.599963903427124,0.8275547623634338,0.00046195657
126,0.5337413549423218,0.8325945138931274,0.5926724076271057,0.8251216411590576,0.00045765218
127,0.5359126329421997,0.832724928855896,0.618248701095581,0.8223844170570374,0.00045334786
128,0.5352990031242371,0.8280313014984131,0.5498572587966919,0.8442822098731995,0.00044904352
129,0.5395597219467163,0.8311603665351868,0.5840548276901245,0.8336374759674072,0.00044473915
130,0.5356747508049011,0.8298565745353699,0.5834753513336182,0.8208637237548828,0.00044043481
131,0.539638102054596,0.8267275094985962,0.5639193058013916,0.8403284549713135,0.00043613045
132,0.5336341261863708,0.8307692408561707,0.5492528080940247,0.8360705375671387,0.0004318261
133,0.5277801156044006,0.8361147046089172,0.635029673576355,0.8138686418533325,0.00042752174
134,0.5303946137428284,0.8264667391777039,0.5715751051902771,0.834854006767273,0.00042321743
135,0.5292277336120605,0.8318122625350952,0.541339635848999,0.8473235964775085,0.00041891309
136,0.5114837288856506,0.8395045399665833,0.5328013300895691,0.8470194935798645,0.00041460872
137,0.5245243906974792,0.8301173448562622,0.576216459274292,0.8354622721672058,0.00041030438
138,0.5175546407699585,0.8376792669296265,0.5588606595993042,0.8424574136734009,0.000406
139,0.5141088366508484,0.8365058898925781,0.5581244230270386,0.8427615761756897,0.00040169567
140,0.510952889919281,0.8368970155715942,0.5518614053726196,0.8436739444732666,0.00039739136
141,0.5228336453437805,0.8367666006088257,0.5512242913246155,0.8388077616691589,0.00039308696
142,0.5168682336807251,0.8393741846084595,0.5422004461288452,0.8439781069755554,0.00038878265
143,0.5109745264053345,0.8398957252502441,0.5700387954711914,0.8220803141593933,0.00038447828
144,0.5247607231140137,0.8314211368560791,0.5705603361129761,0.8281630277633667,0.00038017394
145,0.5119912624359131,0.8388526439666748,0.5461698174476624,0.8287712931632996,0.00037586957
146,0.507233202457428,0.8451108336448669,0.5610482692718506,0.8381994962692261,0.00037156523
147,0.5067006349563599,0.8406779766082764,0.5610597729682922,0.82025545835495,0.00036726092
148,0.5152988433837891,0.8354628682136536,0.5600576400756836,0.8430656790733337,0.00036295652
149,0.5153405070304871,0.8320730328559875,0.5362975597381592,0.8534063100814819,0.0003586522
150,0.5121592879295349,0.8388526439666748,0.5895939469337463,0.8260340690612793,0.0003543478
151,0.5064842700958252,0.838722288608551,0.5435731410980225,0.837895393371582,0.0003500435
152,0.4933927357196808,0.8449804186820984,0.5308824181556702,0.8445863723754883,0.0003457392
153,0.49557581543922424,0.8417209982872009,0.5309022665023804,0.8540145754814148,0.0003414348
154,0.4893619418144226,0.8520208597183228,0.5315162539482117,0.8537104725837708,0.00033713048
155,0.4970611333847046,0.8411994576454163,0.5416246652603149,0.8436739444732666,0.00033282608
156,0.5053266882896423,0.8417209982872009,0.5362104177474976,0.8424574136734009,0.00032852177
157,0.4921993613243103,0.847718358039856,0.5195879340171814,0.8546229004859924,0.00032421737
158,0.49769502878189087,0.8434159159660339,0.5195398926734924,0.8518856167793274,0.00031991306
159,0.4894144535064697,0.8471968770027161,0.5217482447624207,0.8506690859794617,0.00031560872
160,0.48881059885025024,0.8440678119659424,0.5349246263504028,0.8433698415756226,0.00031130435
161,0.4798113703727722,0.8526727557182312,0.5391056537628174,0.8415449857711792,0.00030700004
162,0.48380258679389954,0.8478487730026245,0.5156776905059814,0.8503649830818176,0.00030269564
163,0.47654885053634644,0.8503259420394897,0.5365831255912781,0.8476277589797974,0.00029839133
164,0.48154371976852417,0.8526727557182312,0.5184703469276428,0.8518856167793274,0.000294087
165,0.4936977028846741,0.8458930850028992,0.551084041595459,0.8391119241714478,0.00028978262
166,0.4830379784107208,0.8482398986816406,0.5456500053405762,0.8339415788650513,0.00028547828
167,0.4866386353969574,0.8487613797187805,0.5493037700653076,0.8324209451675415,0.0002811739
168,0.4799646735191345,0.847718358039856,0.5359616875648499,0.849452555179596,0.00027686957
169,0.48985224962234497,0.8443285822868347,0.5247017741203308,0.8503649830818176,0.0002725652
170,0.47600415349006653,0.8521512150764465,0.5251998901367188,0.8537104725837708,0.0002682609
171,0.47771120071411133,0.8507170677185059,0.533990740776062,0.8467153310775757,0.00026395655
172,0.4690015912055969,0.8538461327552795,0.521049976348877,0.8561435341835022,0.00025965218
173,0.46829089522361755,0.8524119853973389,0.5110017657279968,0.8543187379837036,0.00025534784
174,0.47766706347465515,0.849413275718689,0.5509455800056458,0.8534063100814819,0.00025104347
175,0.4690587818622589,0.8533246517181396,0.5298052430152893,0.8488442897796631,0.00024673916
176,0.4609525799751282,0.8556714653968811,0.52152419090271,0.8488442897796631,0.00024243483
177,0.4678730070590973,0.8514993190765381,0.5211150646209717,0.8537104725837708,0.00023813045
178,0.46411386132240295,0.8548891544342041,0.5089656114578247,0.8607056140899658,0.00023382613
179,0.47157856822013855,0.8482398986816406,0.5148819088935852,0.8576642274856567,0.00022952174
180,0.4623510539531708,0.8542372584342957,0.5213407874107361,0.8591849207878113,0.00022521742
181,0.4626755714416504,0.8529335260391235,0.5129978060722351,0.8537104725837708,0.00022091303
182,0.4631583094596863,0.8537157773971558,0.5102770328521729,0.8537104725837708,0.00021660872
183,0.4632967412471771,0.8547587990760803,0.5105285048484802,0.8579683899879456,0.0002123044
184,0.45794594287872314,0.8543676733970642,0.5131128430366516,0.8512773513793945,0.00020800001
185,0.4530148208141327,0.8580182790756226,0.5033603310585022,0.8594890236854553,0.00020369569
186,0.44662314653396606,0.8597131967544556,0.5327975153923035,0.8488442897796631,0.0001993913
187,0.4533427357673645,0.8602346777915955,0.5056082606315613,0.8585766553878784,0.00019508698
188,0.4529069662094116,0.8589308857917786,0.5065755248069763,0.8594890236854553,0.00019078265
189,0.4468219578266144,0.8621903657913208,0.49630725383758545,0.8637469410896301,0.00018647827
190,0.4416303336620331,0.8614080548286438,0.4988954961299896,0.8597931861877441,0.00018217394
191,0.448447048664093,0.8585397601127625,0.5039678812026978,0.864051103591919,0.00017786957
192,0.44149819016456604,0.8632333874702454,0.5001699328422546,0.8658758997917175,0.00017356525
193,0.44944944977760315,0.8581486344337463,0.5032550692558289,0.8622262477874756,0.00016926086
194,0.4571276605129242,0.853585422039032,0.5083085894584656,0.8628345727920532,0.00016495654
195,0.43726369738578796,0.8620599508285522,0.5498949885368347,0.8391119241714478,0.00016065221
196,0.44962024688720703,0.859582781791687,0.5019192695617676,0.8631386756896973,0.00015634783
197,0.4411432147026062,0.8625814914703369,0.49402883648872375,0.860401451587677,0.0001520435
198,0.4362837076187134,0.8637548685073853,0.5362995266914368,0.8451946377754211,0.00014773912
199,0.43443194031715393,0.8628422617912292,0.5010805726051331,0.8594890236854553,0.0001434348
200,0.43365639448165894,0.8644067645072937,0.5023595094680786,0.864051103591919,0.00013913048
201,0.43393006920814514,0.8654497861862183,0.5090103149414062,0.8613138794898987,0.0001348261
202,0.4422636330127716,0.8601043224334717,0.5454719662666321,0.8403284549713135,0.00013052177
203,0.4322179853916168,0.8642764091491699,0.49677425622940063,0.8658758997917175,0.00012621739
204,0.4346388876438141,0.8662320971488953,0.6100273132324219,0.8117396831512451,0.000121913065
205,0.4317566752433777,0.866362452507019,0.5063838362693787,0.860401451587677,0.00011760868
206,0.4227171242237091,0.8701434135437012,0.4976199269294739,0.8655717968940735,0.000113304355
207,0.4338834285736084,0.864667534828186,0.5022027492523193,0.860097348690033,0.00010900003
208,0.42108353972435,0.8679270148277283,0.5102528929710388,0.8579683899879456,0.000104695646
209,0.43038785457611084,0.8667535781860352,0.4970654249191284,0.860401451587677,0.00010039132
210,0.4236038029193878,0.8697522878646851,0.4931425154209137,0.8637469410896301,9.608694e-05
211,0.42715033888816833,0.8684484958648682,0.5124794840812683,0.8585766553878784,9.1782626e-05
212,0.42406272888183594,0.8683181405067444,0.5423879027366638,0.8482360243797302,8.74783e-05
213,0.42511382699012756,0.8659713268280029,0.4939766824245453,0.8628345727920532,8.3173916e-05
214,0.4195866286754608,0.8670143485069275,0.4931389391422272,0.864355206489563,7.886959e-05
215,0.42041662335395813,0.8697522878646851,0.4891665577888489,0.8686131238937378,7.456521e-05
216,0.41543319821357727,0.872750997543335,0.4953312873840332,0.8622262477874756,7.026088e-05
217,0.4127177298069,0.8730117082595825,0.4948820173740387,0.8670924305915833,6.59565e-05
218,0.41408583521842957,0.8724902272224426,0.4899819493293762,0.8692213892936707,6.165218e-05
219,0.41682007908821106,0.8696219325065613,0.4891136586666107,0.8683090209960938,5.7347854e-05
220,0.4129667282104492,0.8711864352226257,0.4892912209033966,0.8683090209960938,5.304347e-05
221,0.4139937460422516,0.8713167905807495,0.4875471293926239,0.8704379796981812,4.8739148e-05
222,0.41170936822891235,0.8711864352226257,0.4924531877040863,0.8680048584938049,4.4434764e-05
223,0.40806955099105835,0.8756192922592163,0.48811012506484985,0.8701338171958923,4.0130442e-05
224,0.40603068470954895,0.8715775609016418,0.4900561273097992,0.8701338171958923,3.5826117e-05
225,0.4084213376045227,0.8728813529014587,0.48806971311569214,0.8707420825958252,3.1521733e-05
226,0.411856085062027,0.8700130581855774,0.48774412274360657,0.8707420825958252,2.7217413e-05
227,0.4075193405151367,0.8723598718643188,0.4877151846885681,0.8698296546936035,2.291303e-05
228,0.40389811992645264,0.8754889369010925,0.48735806345939636,0.8689172863960266,1.8608705e-05
229,0.40445736050605774,0.873663604259491,0.48864006996154785,0.8692213892936707,1.43043235e-05
